Workbook

Sheet Read Me & Sources
A1: PADD 3 Sour Crude - Supply / Demand Model
A2: MONTH BY MONTH | Jan 2026 - May 2026 | all figures thousand bbl/day (kbd) unless noted
A4: PURPOSE
A5: Monthly supply / demand balance for medium & heavy SOUR crude in PADD 3 (US Gulf Coast).
A6: Tabs are grouped by colored sections: GREY 'DATA' tabs = shared inputs feeding both balances (trade grades, pipelines, refinery demand engine).
A7: BLUE 'SOUR' tabs = sour supply build-up + sour balance. RED 'HEAVY' tabs = heavy refiner view + heavy balance. TEAL = 10-yr seasonal reference.
A8: 100% native Excel: every total is a live formula. No macros, no Python needed to open or run it.
A9: Months: Jan-Mar use EIA monthly actuals. Apr-May refiner demand uses EIA WEEKLY actuals (utilization ramping ~95-97%).
A10: Apr-May GoM production, slate sulfur and pipeline throughput are still estimates (orange) - not yet in EIA monthly.
A12: COLOR CODE
A13: Blue text | B13: Hardcoded INPUT you can change (scraped data / your estimates)
A14: Black text | B14: Formula / calculation - do not overtype
A15: Green text | B15: Link pulling from another tab
A16: Yellow fill | B16: Key assumption to review
A17: Orange fill | B17: Estimate month (Apr/May) - replace with EIA actual when published
A19: KEY DEFINITIONS
A20: Sour = crude with sulfur > 0.5 wt% (this model = GoM medium/heavy sour pool + sour imports).
A21: Heavy = heavy crude, roughly API < 24 (a subset of sour). Heavy share sits next to Sour share on the Refiner Demand tab.
A23: DATA SOURCE MAP
A24: Line item | B24: Primary source | C24: EIA series / reference | D24: Frequency | E24: Status
A25: GoM offshore total production | B25: EIA Petroleum Supply Monthly | C25: Federal Offshore GoM, MCRFP3FM2 | D25: Monthly | E25: Actual thru Apr-26
A26: GoM production by grade | B26: BSEE field data + operator reports | C26: BSEE Production; 10-Q filings | D26: Monthly/Qtrly | E26: Estimate - to confirm
A27: PADD3 slate sulfur & API | B27: EIA Refinery Input Qualities | C27: pet_pnp_crq_dcu_r30_m | D27: Monthly | E27: Actual thru Mar-26
A28: PADD3 crude runs & utilization | B28: EIA Refinery Utilization & Capacity | C28: pet_pnp_unc_dcu_r30_m | D28: Monthly | E28: Actual thru Mar-26
A29: PADD3 net crude runs | B29: EIA Refinery Net Input of Crude | C29: MCRRIP32 | D29: Monthly | E29: Actual thru Mar-26
A30: Refinery CDU / coker capacity | B30: EIA Refinery Capacity Report (Jan 1) | C30: pet_pnp_cap1_dcu_r30_a | D30: Annual | E30: Estimate - to confirm
A31: Pipeline capacities | B31: Operator filings / trade press | C31: Shell, Genesis, public tariffs | D31: As changed | E31: Estimate - to confirm
A32: Sour imports / exports | B32: EIA imports + customs/cargo data | C32: pet_move_impcp_a2_r30 | D32: Monthly | E32: TO BE PROVIDED by user
A34: Built 2026-06-05. Grade splits, capacities, utilization and sour/heavy shares are first-pass estimates flagged for refinement.

Sheet DATA - Imports & Exports
A1: PADD 3 Crude IMPORTS & EXPORTS by grade (Jan-May 2026)
A2: Your live data (kbd). Sour?/Heavy? flags editable (1=yes, 0=no). The SOUR / HEAVY totals under each block feed Supply, Balance and Heavy Balance.
A4: A. IMPORTS by grade
A5: Grade | B5: Sour? | C5: Heavy? | D5: Jan-26 | E5: Feb-26 | F5: Mar-26 | G5: Apr-26 | H5: May-26 | I5: Note
A6: Arab Lt. | B6: 1 | C6: 0 | D6: 211.9 | E6: 262.7 | F6: 256.6 | G6: 34 | H6: 0
A7: Maya | B7: 1 | C7: 1 | D7: 124.4 | E7: 99.1 | F7: 128.7 | G7: 104.2 | H7: 73.1
A8: Merey | B8: 1 | C8: 1 | D8: 35.7 | E8: 18.9 | F8: 77.1 | G8: 85.1 | H8: 80.8
A9: Payara Gold | B9: 0 | C9: 0 | D9: 53.7 | E9: 12.4 | F9: 85.3 | G9: 46 | H9: 0
A10: Arab Hy. | B10: 1 | C10: 0 | D10: 0 | E10: 0 | F10: 33.3 | G10: 99.1 | H10: 49.8
A11: Boscan | B11: 1 | C11: 1 | D11: 24.2 | E11: 37.4 | F11: 27.5 | G11: 11.1 | H11: 47.4
A12: Arab M | B12: 1 | C12: 0 | D12: 65.4 | E12: 33.6 | F12: 15.9 | G12: 0 | H12: 0
A13: Hamaca | B13: 1 | C13: 0 | D13: 17.9 | E13: 20.1 | F13: 8.9 | G13: 17.9 | H13: 32.9
A14: Castilla | B14: 1 | C14: 1 | D14: 16.8 | E14: 17.4 | F14: 15.9 | G14: 3.3 | H14: 41.9
A15: Vasconia | B15: 1 | C15: 0 | D15: 16.3 | E15: 18.9 | F15: 17.2 | G15: 0 | H15: 19.9
A16: Molo | B16: 1 | C16: 0 | D16: 0 | E16: 0 | F16: 0 | G16: 36.4 | H16: 17
A17: Mares | B17: 1 | C17: 1 | D17: 0 | E17: 9.9 | F17: 23.1 | G17: 19.9 | H17: 0
... A33: Eocene | B33: 1 | C33: 1 | D33: 0 | E33: 0 | F33: 0 | G33: 0 | H33: 0
A34: SOUR total (kbd) | D34: =SUMPRODUCT($B$6:$B$33,D6:D33) -> 584.1 | E34: =SUMPRODUCT($B$6:$B$33,E6:E33) -> 549.6 | F34: =SUMPRODUCT($B$6:$B$33,F6:F33) -> 670.5 | G34: =SUMPRODUCT($B$6:$B$33,G6:G33) -> 417.7 | H34: =SUMPRODUCT($B$6:$B$33,H6:H33) -> 400.6
A35: of which HEAVY (kbd) | D35: =SUMPRODUCT($C$6:$C$33,D6:D33) -> 238.1 | E35: =SUMPRODUCT($C$6:$C$33,E6:E33) -> 208 | F35: =SUMPRODUCT($C$6:$C$33,F6:F33) -> 338.6 | G35: =SUMPRODUCT($C$6:$C$33,G6:G33) -> 226.9 | H35: =SUMPRODUCT($C$6:$C$33,H6:H33) -> 264.9
A36: All grades total (kbd) | D36: =SUM(D6:D33) -> 637.8 | E36: =SUM(E6:E33) -> 570 | F36: =SUM(F6:F33) -> 755.8 | G36: =SUM(G6:G33) -> 463.7 | H36: =SUM(H6:H33) -> 403.1
A39: B. EXPORTS by grade
A40: Grade | B40: Sour? | C40: Heavy? | D40: Jan-26 | E40: Feb-26 | F40: Mar-26 | G40: Apr-26 | H40: May-26 | I40: Note
A41: Midland | B41: 0 | C41: 0 | D41: 2938.4 | E41: 2926.8 | F41: 2942.8 | G41: 3472.9 | H41: 3325.9
A42: WTL | B42: 0 | C42: 0 | D42: 415.7 | E42: 245.4 | F42: 300.6 | G42: 335.2 | H42: 314.5
A43: WTI | B43: 0 | C43: 0 | D43: 138.7 | E43: 75.9 | F43: 230.1 | G43: 285.3 | H43: 307.8
A44: US Light Sweet | B44: 0 | C44: 0 | D44: 89.5 | E44: 133.2 | F44: 116.5 | G44: 0 | H44: 248.2
A45: SGC | B45: 1 | C45: 0 | D45: 55.4 | E45: 23.3 | F45: 39.1 | G45: 203.3 | H45: 200.4
A46: US Medium Sour Crude | B46: 1 | C46: 0 | D46: 0 | E46: 0 | F46: 0 | G46: 157.5 | H46: 264.5
A47: Bryan Mound Sour | B47: 1 | C47: 0 | D47: 0 | E47: 0 | F47: 0 | G47: 230.6 | H47: 185.5
A48: Bakken | B48: 0 | C48: 0 | D48: 59.1 | E48: 70 | F48: 36.2 | G48: 99.1 | H48: 143.2
A49: Cold Lake blend | B49: 1 | C49: 1 | D49: 76.9 | E49: 116.5 | F49: 64.5 | G49: 21.2 | H49: 64.5
A50: Mars | B50: 1 | C50: 0 | D50: 33.8 | E50: 87 | F50: 51 | G50: 24.7 | H50: 86
A51: Eagle Ford | B51: 0 | C51: 0 | D51: 52.7 | E51: 28.9 | F51: 22.6 | G51: 102.6 | H51: 0
A52: HLS | B52: 0 | C52: 0 | D52: 51.7 | E52: 35.7 | F52: 33.9 | G52: 42.8 | H52: 24.8
... A64: Poseidon | B64: 1 | C64: 0 | D64: 0 | E64: 0 | F64: 3.1 | G64: 0 | H64: 0
A65: SOUR total (kbd) | D65: =SUMPRODUCT($B$41:$B$64,D41:D64) -> 166.1 | E65: =SUMPRODUCT($B$41:$B$64,E41:E64) -> 253.2 | F65: =SUMPRODUCT($B$41:$B$64,F41:F64) -> 191.9 | G65: =SUMPRODUCT($B$41:$B$64,G41:G64) -> 662.8 | H65: =SUMPRODUCT($B$41:$B$64,H41:H64) -> 952
A66: of which HEAVY (kbd) | D66: =SUMPRODUCT($C$41:$C$64,D41:D64) -> 76.9 | E66: =SUMPRODUCT($C$41:$C$64,E41:E64) -> 116.5 | F66: =SUMPRODUCT($C$41:$C$64,F41:F64) -> 64.5 | G66: =SUMPRODUCT($C$41:$C$64,G41:G64) -> 21.2 | H66: =SUMPRODUCT($C$41:$C$64,H41:H64) -> 81.3
A67: All grades total (kbd) | D67: =SUM(D41:D64) -> 3971.3 | E67: =SUM(E41:E64) -> 3831.7 | F67: =SUM(F41:F64) -> 3930.9 | G67: =SUM(G41:G64) -> 5168.5 | H67: =SUM(H41:H64) -> 5593.7

Sheet DATA - Pipelines
A1: 2. PIPELINES - GoM Sour Gathering + Inbound Crude to PADD 3 (Jan-May 2026)
A2: Section A: GoM offshore sour systems. Section B: inbound Canadian/midcon crude via Cushing (Mainline/Flanagan South, Spearhead, Keystone, Seaway, Marketlink, rail).
A4: System | B4: Operator | C4: Service (grade) | D4: Capacity | E4: Jan-26 | F4: Feb-26 | G4: Mar-26 | H4: Apr-26 | I4: May-26
A5: Mars | B5: Shell Pipeline | C5: Mars sour | D5: 600 | E5: 500 | F5: 495 | G5: 500 | H5: 510 | I5: 515
A6: Poseidon | B6: Genesis | C6: Poseidon sour blend | D6: 400 | E6: 250 | F6: 250 | G6: 255 | H6: 275 | I6: 300
A7: Cameron Highway (CHOPS) | B7: Genesis | C7: SGC / heavy sour | D7: 700 | E7: 325 | F7: 320 | G7: 330 | H7: 345 | I7: 350
A8: Ho-Ho (Houston-Houma) | B8: Shell/Zydeco | C8: Sour + sweet, reversible | D8: 375 | E8: 200 | F8: 200 | G8: 200 | H8: 205 | I8: 210
A9: Zydeco | B9: Shell | C9: Mostly sweet (sour-capable) | D9: 350 | E9: 120 | F9: 120 | G9: 120 | H9: 120 | I9: 120
A10: Other gathering (Bonito, etc.) | B10: Various | C10: Sour gathering | D10: 200 | E10: 90 | F10: 90 | G10: 92 | H10: 95 | I10: 98
A11: TOTAL | D11: =SUM(D5:D10) -> 2625 | E11: =SUM(E5:E10) -> 1485 | F11: =SUM(F5:F10) -> 1475 | G11: =SUM(G5:G10) -> 1497 | H11: =SUM(H5:H10) -> 1550 | I11: =SUM(I5:I10) -> 1593
A12: Spare capacity (Total cap - throughput) | E12: =$D$11-E11 -> 1140 | F12: =$D$11-F11 -> 1150 | G12: =$D$11-G11 -> 1128 | H12: =$D$11-H11 -> 1075 | I12: =$D$11-I11 -> 1032
A14: B. Inbound crude pipelines to PADD 3 (Canadian heavy + midcontinent, via Cushing)
A15: System / route | B15: Operator | C15: Route | D15: Capacity | E15: Jan-26 | F15: Feb-26 | G15: Mar-26 | H15: Apr-26 | I15: May-26
A16: -- Feeders into Cushing (capacity reference) --
A17: Enbridge Mainline -> Flanagan South | B17: Enbridge | C17: Flanagan IL -> Cushing | D17: 585
A18: Spearhead | B18: Enbridge | C18: Flanagan IL -> Cushing | D18: 193
A19: Keystone (to Steele City) | B19: South Bow | C19: Hardisty -> Steele City -> Cushing | D19: 591
A20: -- Delivery Cushing -> PADD 3 (counts as PADD 3 supply) --
A21: Seaway (legacy + twin) | B21: Enterprise/Enbridge | C21: Cushing -> Freeport TX | D21: 950 | E21: 580 | F21: 650 | G21: 620 | H21: 600 | I21: 600
A22: Marketlink | B22: South Bow | C22: Cushing -> Nederland TX | D22: 750 | E22: 400 | F22: 470 | G22: 450 | H22: 430 | I22: 430
A23: Railcars | B23: Various | C23: Midcon/Canada -> Gulf | D23: 150 | E23: 74 | F23: 87 | G23: 81 | H23: 70 | I23: 70
A24: TOTAL delivered to PADD 3 | D24: =SUM(D21:D23) -> 1850 | E24: =SUM(E21:E23) -> 1054 | F24: =SUM(F21:F23) -> 1207 | G24: =SUM(G21:G23) -> 1151 | H24: =SUM(H21:H23) -> 1100 | I24: =SUM(I21:I23) -> 1100
A25: EIA net pipeline receipts (MCRNRP32) | E25: 1054 | F25: 1207 | G25: 1151 | H25: 1100 | I25: 1100
A26: Check: breakdown - EIA (should be ~0) | E26: =E24-E25 -> 0 | F26: =F24-F25 -> 0 | G26: =G24-G25 -> 0 | H26: =H24-H25 -> 0 | I26: =I24-I25 -> 0

Sheet DATA - Refiner Demand
A1: 3. REFINER DEMAND - Key PADD 3 Refineries (Jan-May 2026)
A2: COKER-ANCHORED demand: heavy crude run is set by coking capacity (coker / resid yield), capped by CDU; sour = heavy + medium-sour from the rest of the barrel.
A4: Demand assumptions (editable)
A5: Coker utilization | D5: 0.95
A6: Heavy-crude vacuum-resid yield (coker feed per bbl heavy crude) | D6: 0.38
A7: Max heavy share of CDU run | D7: 0.95
A8: Medium-sour share of the non-heavy barrel | D8: 0.45
A9: Heavy run = MIN(CDU x util x maxheavy, Coker x cokerutil / residyield). Sour run = Heavy + (CDU x util - Heavy) x med-sour.
A11: Refinery table (key PADD 3 refineries)
G12: Utilization % | L12: Heavy runs (kbd) | Q12: Sour runs (kbd)
A13: Refinery | B13: Operator | C13: ST | D13: CDU cap | E13: Coker | F13: Coker/CDU | G13: Jan | H13: Feb | I13: Mar | J13: Apr | K13: May | L13: Jan | M13: Feb | N13: Mar | O13: Apr | P13: May | Q13: Jan | R13: Feb | S13: Mar | T13: Apr | U13: May | V13: Note
A14: Sweeny | B14: Phillips 66 | C14: TX | D14: 265 | E14: 79 | F14: =E14/D14 -> 0.29811321 | G14: 0.92 | H14: 0.898 | I14: 0.942 | J14: 0.954 | K14: 0.975 | L14: =MIN($D14*G14*$D$7,$E14*$D$5/$D$6) -> 197.5 | M14: =MIN($D14*H14*$D$7,$E14*$D$5/$D$6) -> 197.5 | N14: =MIN($D14*I14*$D$7,$E14*$D$5/$D$6) -> 197.5 | O14: =MIN($D14*J14*$D$7,$E14*$D$5/$D$6) -> 197.5 | P14: =MIN($D14*K14*$D$7,$E14*$D$5/$D$6) -> 197.5 | Q14: =L14+($D14*G14-L14)*$D$8 -> 218.335 | R14: =M14+($D14*H14-M14)*$D$8 -> 215.7115 | S14: =N14+($D14*I14-N14)*$D$8 -> 220.9585 | T14: =O14+($D14*J14-O14)*$D$8 -> 222.3895 | U14: =P14+($D14*K14-P14)*$D$8 -> 224.89375 | V14: EIA RCR 2025 coker
A15: Galveston Bay | B15: Marathon (MAP) | C15: TX | D15: 631 | E15: 33 | F15: =E15/D15 -> 0.05229794 | G15: 0.93 | H15: 0.908 | I15: 0.952 | J15: 0.964 | K15: 0.985 | L15: =MIN($D15*G15*$D$7,$E15*$D$5/$D$6) -> 82.5 | M15: =MIN($D15*H15*$D$7,$E15*$D$5/$D$6) -> 82.5 | N15: =MIN($D15*I15*$D$7,$E15*$D$5/$D$6) -> 82.5 | O15: =MIN($D15*J15*$D$7,$E15*$D$5/$D$6) -> 82.5 | P15: =MIN($D15*K15*$D$7,$E15*$D$5/$D$6) -> 82.5 | Q15: =L15+($D15*G15-L15)*$D$8 -> 309.4485 | R15: =M15+($D15*H15-M15)*$D$8 -> 303.2016 | S15: =N15+($D15*I15-N15)*$D$8 -> 315.6954 | T15: =O15+($D15*J15-O15)*$D$8 -> 319.1028 | U15: =P15+($D15*K15-P15)*$D$8 -> 325.06575 | V15: EIA RCR 2025 coker
A16: Deer Park | B16: Pemex | C16: TX | D16: 313 | E16: 96 | F16: =E16/D16 -> 0.30670927 | G16: 0.88 | H16: 0.858 | I16: 0.902 | J16: 0.914 | K16: 0.935 | L16: =MIN($D16*G16*$D$7,$E16*$D$5/$D$6) -> 240 | M16: =MIN($D16*H16*$D$7,$E16*$D$5/$D$6) -> 240 | N16: =MIN($D16*I16*$D$7,$E16*$D$5/$D$6) -> 240 | O16: =MIN($D16*J16*$D$7,$E16*$D$5/$D$6) -> 240 | P16: =MIN($D16*K16*$D$7,$E16*$D$5/$D$6) -> 240 | Q16: =L16+($D16*G16-L16)*$D$8 -> 255.948 | R16: =M16+($D16*H16-M16)*$D$8 -> 252.8493 | S16: =N16+($D16*I16-N16)*$D$8 -> 259.0467 | T16: =O16+($D16*J16-O16)*$D$8 -> 260.7369 | U16: =P16+($D16*K16-P16)*$D$8 -> 263.69475 | V16: EIA RCR 2025 coker
A17: Baytown | B17: ExxonMobil | C17: TX | D17: 564 | E17: 54 | F17: =E17/D17 -> 0.095744681 | G17: 0.9 | H17: 0.878 | I17: 0.922 | J17: 0.934 | K17: 0.955 | L17: =MIN($D17*G17*$D$7,$E17*$D$5/$D$6) -> 135 | M17: =MIN($D17*H17*$D$7,$E17*$D$5/$D$6) -> 135 | N17: =MIN($D17*I17*$D$7,$E17*$D$5/$D$6) -> 135 | O17: =MIN($D17*J17*$D$7,$E17*$D$5/$D$6) -> 135 | P17: =MIN($D17*K17*$D$7,$E17*$D$5/$D$6) -> 135 | Q17: =L17+($D17*G17-L17)*$D$8 -> 302.67 | R17: =M17+($D17*H17-M17)*$D$8 -> 297.0864 | S17: =N17+($D17*I17-N17)*$D$8 -> 308.2536 | T17: =O17+($D17*J17-O17)*$D$8 -> 311.2992 | U17: =P17+($D17*K17-P17)*$D$8 -> 316.629 | V17: EIA RCR 2025 coker
A18: Texas City | B18: Valero | C18: TX | D18: 225 | E18: 54 | F18: =E18/D18 -> 0.24 | G18: 0.9 | H18: 0.878 | I18: 0.922 | J18: 0.934 | K18: 0.955 | L18: =MIN($D18*G18*$D$7,$E18*$D$5/$D$6) -> 135 | M18: =MIN($D18*H18*$D$7,$E18*$D$5/$D$6) -> 135 | N18: =MIN($D18*I18*$D$7,$E18*$D$5/$D$6) -> 135 | O18: =MIN($D18*J18*$D$7,$E18*$D$5/$D$6) -> 135 | P18: =MIN($D18*K18*$D$7,$E18*$D$5/$D$6) -> 135 | Q18: =L18+($D18*G18-L18)*$D$8 -> 165.375 | R18: =M18+($D18*H18-M18)*$D$8 -> 163.1475 | S18: =N18+($D18*I18-N18)*$D$8 -> 167.6025 | T18: =O18+($D18*J18-O18)*$D$8 -> 168.8175 | U18: =P18+($D18*K18-P18)*$D$8 -> 170.94375 | V18: EIA RCR 2025 coker
A19: Port Arthur | B19: Motiva | C19: TX | D19: 641 | E19: 178 | F19: =E19/D19 -> 0.27769111 | G19: 0.92 | H19: 0.898 | I19: 0.942 | J19: 0.954 | K19: 0.975 | L19: =MIN($D19*G19*$D$7,$E19*$D$5/$D$6) -> 445 | M19: =MIN($D19*H19*$D$7,$E19*$D$5/$D$6) -> 445 | N19: =MIN($D19*I19*$D$7,$E19*$D$5/$D$6) -> 445 | O19: =MIN($D19*J19*$D$7,$E19*$D$5/$D$6) -> 445 | P19: =MIN($D19*K19*$D$7,$E19*$D$5/$D$6) -> 445 | Q19: =L19+($D19*G19-L19)*$D$8 -> 510.124 | R19: =M19+($D19*H19-M19)*$D$8 -> 503.7781 | S19: =N19+($D19*I19-N19)*$D$8 -> 516.4699 | T19: =O19+($D19*J19-O19)*$D$8 -> 519.9313 | U19: =P19+($D19*K19-P19)*$D$8 -> 525.98875 | V19: EIA RCR 2025 coker
A20: Port Arthur | B20: Valero | C20: TX | D20: 380 | E20: 158 | F20: =E20/D20 -> 0.41578947 | G20: 0.92 | H20: 0.898 | I20: 0.942 | J20: 0.954 | K20: 0.975 | L20: =MIN($D20*G20*$D$7,$E20*$D$5/$D$6) -> 332.12 | M20: =MIN($D20*H20*$D$7,$E20*$D$5/$D$6) -> 324.178 | N20: =MIN($D20*I20*$D$7,$E20*$D$5/$D$6) -> 340.062 | O20: =MIN($D20*J20*$D$7,$E20*$D$5/$D$6) -> 344.394 | P20: =MIN($D20*K20*$D$7,$E20*$D$5/$D$6) -> 351.975 | Q20: =L20+($D20*G20-L20)*$D$8 -> 339.986 | R20: =M20+($D20*H20-M20)*$D$8 -> 331.8559 | S20: =N20+($D20*I20-N20)*$D$8 -> 348.1161 | T20: =O20+($D20*J20-O20)*$D$8 -> 352.5507 | U20: =P20+($D20*K20-P20)*$D$8 -> 360.31125 | V20: EIA RCR 2025 coker
A21: Lake Charles | B21: Citgo | C21: LA | D21: 460 | E21: 110 | F21: =E21/D21 -> 0.23913043 | G21: 0.93 | H21: 0.908 | I21: 0.952 | J21: 0.964 | K21: 0.985 | L21: =MIN($D21*G21*$D$7,$E21*$D$5/$D$6) -> 275 | M21: =MIN($D21*H21*$D$7,$E21*$D$5/$D$6) -> 275 | N21: =MIN($D21*I21*$D$7,$E21*$D$5/$D$6) -> 275 | O21: =MIN($D21*J21*$D$7,$E21*$D$5/$D$6) -> 275 | P21: =MIN($D21*K21*$D$7,$E21*$D$5/$D$6) -> 275 | Q21: =L21+($D21*G21-L21)*$D$8 -> 343.76 | R21: =M21+($D21*H21-M21)*$D$8 -> 339.206 | S21: =N21+($D21*I21-N21)*$D$8 -> 348.314 | T21: =O21+($D21*J21-O21)*$D$8 -> 350.798 | U21: =P21+($D21*K21-P21)*$D$8 -> 355.145 | V21: EIA RCR 2025 coker
A22: Lake Charles (Westlake) | B22: Phillips 66 | C22: LA | D22: 264 | E22: 67 | F22: =E22/D22 -> 0.25378788 | G22: 0.9 | H22: 0.878 | I22: 0.922 | J22: 0.934 | K22: 0.955 | L22: =MIN($D22*G22*$D$7,$E22*$D$5/$D$6) -> 167.5 | M22: =MIN($D22*H22*$D$7,$E22*$D$5/$D$6) -> 167.5 | N22: =MIN($D22*I22*$D$7,$E22*$D$5/$D$6) -> 167.5 | O22: =MIN($D22*J22*$D$7,$E22*$D$5/$D$6) -> 167.5 | P22: =MIN($D22*K22*$D$7,$E22*$D$5/$D$6) -> 167.5 | Q22: =L22+($D22*G22-L22)*$D$8 -> 199.045 | R22: =M22+($D22*H22-M22)*$D$8 -> 196.4314 | S22: =N22+($D22*I22-N22)*$D$8 -> 201.6586 | T22: =O22+($D22*J22-O22)*$D$8 -> 203.0842 | U22: =P22+($D22*K22-P22)*$D$8 -> 205.579 | V22: EIA RCR 2025 coker
A23: Beaumont | B23: ExxonMobil | C23: TX | D23: 612 | E23: 47 | F23: =E23/D23 -> 0.076797386 | G23: 0.92 | H23: 0.898 | I23: 0.942 | J23: 0.954 | K23: 0.975 | L23: =MIN($D23*G23*$D$7,$E23*$D$5/$D$6) -> 117.5 | M23: =MIN($D23*H23*$D$7,$E23*$D$5/$D$6) -> 117.5 | N23: =MIN($D23*I23*$D$7,$E23*$D$5/$D$6) -> 117.5 | O23: =MIN($D23*J23*$D$7,$E23*$D$5/$D$6) -> 117.5 | P23: =MIN($D23*K23*$D$7,$E23*$D$5/$D$6) -> 117.5 | Q23: =L23+($D23*G23-L23)*$D$8 -> 317.993 | R23: =M23+($D23*H23-M23)*$D$8 -> 311.9342 | S23: =N23+($D23*I23-N23)*$D$8 -> 324.0518 | T23: =O23+($D23*J23-O23)*$D$8 -> 327.3566 | U23: =P23+($D23*K23-P23)*$D$8 -> 333.14 | V23: EIA RCR 2025 coker
A24: Port Arthur | B24: TotalEnergies | C24: TX | D24: 238 | E24: 60 | F24: =E24/D24 -> 0.25210084 | G24: 0.9 | H24: 0.878 | I24: 0.922 | J24: 0.934 | K24: 0.955 | L24: =MIN($D24*G24*$D$7,$E24*$D$5/$D$6) -> 150 | M24: =MIN($D24*H24*$D$7,$E24*$D$5/$D$6) -> 150 | N24: =MIN($D24*I24*$D$7,$E24*$D$5/$D$6) -> 150 | O24: =MIN($D24*J24*$D$7,$E24*$D$5/$D$6) -> 150 | P24: =MIN($D24*K24*$D$7,$E24*$D$5/$D$6) -> 150 | Q24: =L24+($D24*G24-L24)*$D$8 -> 178.89 | R24: =M24+($D24*H24-M24)*$D$8 -> 176.5338 | S24: =N24+($D24*I24-N24)*$D$8 -> 181.2462 | T24: =O24+($D24*J24-O24)*$D$8 -> 182.5314 | U24: =P24+($D24*K24-P24)*$D$8 -> 184.7805 | V24: EIA RCR 2025 coker
A25: Corpus Christi (E+W) | B25: Valero | C25: TX | D25: 290 | E25: 45 | F25: =E25/D25 -> 0.15517241 | G25: 0.9 | H25: 0.878 | I25: 0.922 | J25: 0.934 | K25: 0.955 | L25: =MIN($D25*G25*$D$7,$E25*$D$5/$D$6) -> 112.5 | M25: =MIN($D25*H25*$D$7,$E25*$D$5/$D$6) -> 112.5 | N25: =MIN($D25*I25*$D$7,$E25*$D$5/$D$6) -> 112.5 | O25: =MIN($D25*J25*$D$7,$E25*$D$5/$D$6) -> 112.5 | P25: =MIN($D25*K25*$D$7,$E25*$D$5/$D$6) -> 112.5 | Q25: =L25+($D25*G25-L25)*$D$8 -> 179.325 | R25: =M25+($D25*H25-M25)*$D$8 -> 176.454 | S25: =N25+($D25*I25-N25)*$D$8 -> 182.196 | T25: =O25+($D25*J25-O25)*$D$8 -> 183.762 | U25: =P25+($D25*K25-P25)*$D$8 -> 186.5025 | V25: EIA RCR 2025 coker
... A30: Meraux | B30: Valero | C30: LA | D30: 125 | E30: 0 | F30: =E30/D30 -> 0 | G30: 0.9 | H30: 0.878 | I30: 0.922 | J30: 0.934 | K30: 0.955 | L30: =MIN($D30*G30*$D$7,$E30*$D$5/$D$6) -> 0 | M30: =MIN($D30*H30*$D$7,$E30*$D$5/$D$6) -> 0 | N30: =MIN($D30*I30*$D$7,$E30*$D$5/$D$6) -> 0 | O30: =MIN($D30*J30*$D$7,$E30*$D$5/$D$6) -> 0 | P30: =MIN($D30*K30*$D$7,$E30*$D$5/$D$6) -> 0 | Q30: =L30+($D30*G30-L30)*$D$8 -> 50.625 | R30: =M30+($D30*H30-M30)*$D$8 -> 49.3875 | S30: =N30+($D30*I30-N30)*$D$8 -> 51.8625 | T30: =O30+($D30*J30-O30)*$D$8 -> 52.5375 | U30: =P30+($D30*K30-P30)*$D$8 -> 53.71875 | V30: EIA RCR 2025 coker
A31: TOTAL (tracked refineries) | D31: =SUM(D14:D30) -> 6142 | E31: =SUM(E14:E30) -> 1156 | L31: =SUM(L14:L30) -> 2827.12 | M31: =SUM(M14:M30) -> 2819.178 | N31: =SUM(N14:N30) -> 2835.062 | O31: =SUM(O14:O30) -> 2839.394 | P31: =SUM(P14:P30) -> 2846.975 | Q31: =SUM(Q14:Q30) -> 4083.1195 | R31: =SUM(R14:R30) -> 4017.9456 | S31: =SUM(S14:S30) -> 4148.2934 | ... U31: =SUM(U14:U30) -> 4245.2532
A33: Demand range (coker-max HIGH; Balance uses the MIDPOINT)
A34: Month 2026 | B34: Jan | C34: Feb | D34: Mar | E34: Apr | F34: May
A35: Run range: LOW factor (x coker-max heavy) | B35: 0.3 | C35: lower this to cut HEAVY demand
A36: Crude runs (CDU x utilization) | B36: =SUMPRODUCT($D$14:$D$30,G14:G30) -> 5618.23 | C36: =SUMPRODUCT($D$14:$D$30,H14:H30) -> 5483.106 | D36: =SUMPRODUCT($D$14:$D$30,I14:I30) -> 5753.354 | E36: =SUMPRODUCT($D$14:$D$30,J14:J30) -> 5827.058 | F36: =SUMPRODUCT($D$14:$D$30,K14:K30) -> 5954.26
A37: Heavy demand HIGH (coker max) | B37: =L31 -> 2827.12 | C37: =M31 -> 2819.178 | D37: =N31 -> 2835.062 | E37: =O31 -> 2839.394 | F37: =P31 -> 2846.975
A38: Heavy demand LOW (HIGH x low factor) | B38: =B37*$B$35 -> 848.136 | C38: =C37*$B$35 -> 845.7534 | D38: =D37*$B$35 -> 850.5186 | E38: =E37*$B$35 -> 851.8182 | F38: =F37*$B$35 -> 854.0925
A39: Sour demand HIGH (= heavy HIGH + med-sour) | B39: =B37+(B36-B37)*$D$8 -> 4083.1195 | C39: =C37+(C36-C37)*$D$8 -> 4017.9456 | D39: =D37+(D36-D37)*$D$8 -> 4148.2934 | E39: =E37+(E36-E37)*$D$8 -> 4183.8428 | F39: =F37+(F36-F37)*$D$8 -> 4245.2532
A40: Sour demand LOW (= heavy LOW + med-sour) | B40: =B38+(B36-B38)*$D$8 -> 2994.6783 | C40: =C38+(C36-C38)*$D$8 -> 2932.5621 | D40: =D38+(D36-D38)*$D$8 -> 3056.7945 | E40: =E38+(E36-E38)*$D$8 -> 3090.6761 | F40: =F38+(F36-F38)*$D$8 -> 3149.1679
A41: Sour demand MID (-> Balance) | B41: =B42+(B36-B42)*$D$8 -> 3538.8989 | C41: =C42+(C36-C42)*$D$8 -> 3475.2538 | D41: =D42+(D36-D42)*$D$8 -> 3602.544 | E41: =E42+(E36-E42)*$D$8 -> 3637.2595 | F41: =F42+(F36-F42)*$D$8 -> 3697.2106
A42: Heavy demand MID (-> Balance) | B42: =(B37+B38)/2 -> 1837.628 | C42: =(C37+C38)/2 -> 1832.4657 | D42: =(D37+D38)/2 -> 1842.7903 | E42: =(E37+E38)/2 -> 1845.6061 | F42: =(F37+F38)/2 -> 1850.5338

Sheet SOUR - Supply
A1: 1. SUPPLY - PADD 3 Sour Crude (Jan-May 2026)
A2: GoM offshore production by grade + sour imports. kbd. Blue=input, Black=formula. Apr/May orange = estimate.
A4: A. Gulf of Mexico offshore production by grade
A5: Grade / stream | B5: API | C5: S % | D5: Jan-26 | E5: Feb-26 | F5: Mar-26 | G5: Apr-26 | H5: May-26 | I5: Sour? | J5: Source / note
A6: Mars | B6: 30 | C6: 1.9 | D6: 560 | E6: 538 | F6: 537 | G6: 537 | H6: 537 | I6: Y | J6: Shell-op Mars-Ursa; est. from pipeline noms
A7: Poseidon (blend) | B7: 30 | C7: 1.8 | D7: 300 | E7: 288 | F7: 288 | G7: 288 | H7: 288 | I7: Y | J7: Genesis Poseidon system blend
A8: Southern Green Canyon (SGC) | B8: 28 | C8: 2.3 | D8: 95 | E8: 91 | F8: 91 | G8: 91 | H8: 91 | I8: Y | J8: Heavier GoM; via CHOPS
A9: Thunder Horse | B9: 35 | C9: 1 | D9: 175 | E9: 168 | F9: 168 | G9: 168 | H9: 168 | I9: Y | J9: BP-op; lighter sour
A10: Bonito | B10: 27 | C10: 2.3 | D10: 45 | E10: 43 | F10: 43 | G10: 43 | H10: 43 | I10: Y | J10: Heavy sour blend
A11: Other GoM sour (HOOPS, Bullwinkle, etc.) | B11: 29 | C11: 1.5 | D11: 180 | E11: 173 | F11: 173 | G11: 173 | H11: 173 | I11: Y | J11: Misc deepwater sour
A12: Other GoM sweet / non-sour | B12: 38 | C12: 0.3 | D12: 705 | E12: 678 | F12: 676 | G12: 676 | H12: 676 | I12: N | J12: Balancing line - light sweet GoM
A13: Total GoM Federal Offshore (model) | D13: =SUM(D6:D12) -> 2060 | E13: =SUM(E6:E12) -> 1979 | F13: =SUM(F6:F12) -> 1976 | G13: =SUM(G6:G12) -> 1976 | H13: =SUM(H6:H12) -> 1976
A14: EIA actual - Federal Offshore GoM | D14: 2060 | E14: 1979 | F14: 1976 | G14: 1976 | H14: 1976 | J14: Source: EIA MCRFP3FM2
A15: Check: model vs EIA (~0) | D15: =D13-D14 -> 0 | E15: =E13-E14 -> 0 | F15: =F13-F14 -> 0 | G15: =G13-G14 -> 0 | H15: =H13-H14 -> 0
A16: GoM SOUR production subtotal | D16: =SUM(D6:D11) -> 1355 | E16: =SUM(E6:E11) -> 1301 | F16: =SUM(F6:F11) -> 1300 | G16: =SUM(G6:G11) -> 1300 | H16: =SUM(H6:H11) -> 1300
A18: B. Sour imports & exports (live from Imports / Exports tabs)
A19: Component | D19: Jan-26 | E19: Feb-26 | F19: Mar-26 | G19: Apr-26 | H19: May-26 | J19: Source
A20: Plus: SOUR imports (waterborne) | D20: ='DATA - Imports & Exports'!D34 -> 584.1 | E20: ='DATA - Imports & Exports'!E34 -> 549.6 | F20: ='DATA - Imports & Exports'!F34 -> 670.5 | G20: ='DATA - Imports & Exports'!G34 -> 417.7 | H20: ='DATA - Imports & Exports'!H34 -> 400.6 | J20: Imports tab
A21: of which heavy (memo) | D21: ='DATA - Imports & Exports'!D35 -> 238.1 | E21: ='DATA - Imports & Exports'!E35 -> 208 | F21: ='DATA - Imports & Exports'!F35 -> 338.6 | G21: ='DATA - Imports & Exports'!G35 -> 226.9 | H21: ='DATA - Imports & Exports'!H35 -> 264.9 | J21: memo
A22: Net pipeline receipts from PADD 2 (total) | D22: 1054 | E22: 1207 | F22: 1151 | G22: 1100 | H22: 1100 | J22: EIA MCRNRP32
A23: sour share of pipeline receipts | D23: 0.8 | J23: assumption - editable
A24: Plus: SOUR from pipeline receipts | D24: =D22*$D$23 -> 843.2 | E24: =E22*$D$23 -> 965.6 | F24: =F22*$D$23 -> 920.8 | G24: =G22*$D$23 -> 880 | H24: =H22*$D$23 -> 880
A25: Less: SOUR exports | D25: ='DATA - Imports & Exports'!D65 -> 166.1 | E25: ='DATA - Imports & Exports'!E65 -> 253.2 | F25: ='DATA - Imports & Exports'!F65 -> 191.9 | G25: ='DATA - Imports & Exports'!G65 -> 662.8 | H25: ='DATA - Imports & Exports'!H65 -> 952 | J25: Exports tab
A26: SPR net release (+) / refill (-), total | D26: -56.4 | E26: -8.2 | F26: 19.9 | G26: 720 | H26: 1244 | J26: DOE SPR reports (spr.doe.gov); Apr-May = 2026 Exchange drawdown
A27: sour share of SPR barrels | D27: 0.6 | J27: DOE SPR Quick Facts: ~60% sour by design - editable
A28: Plus/Less: SOUR from SPR | D28: =D26*$D$27 -> -33.84 | E28: =E26*$D$27 -> -4.92 | F28: =F26*$D$27 -> 11.94 | G28: =G26*$D$27 -> 432 | H28: =H26*$D$27 -> 746.4
A29: memo: EIA total PADD3 crude imports | D29: 1366 | E29: 1362 | F29: 1488 | G29: 1450 | H29: 1450 | J29: EIA MCRIMP32 - terminal file is a subset (~half)
A30: NET SOUR SUPPLY TO PADD 3 (GoM sour + imports + pipeline + SPR - exports) | D30: =D16+D20+D24+D28-D25 -> 2582.36 | E30: =E16+E20+E24+E28-E25 -> 2558.08 | F30: =F16+F20+F24+F28-F25 -> 2711.34 | G30: =G16+G20+G24+G28-G25 -> 2366.9 | H30: =H16+H20+H24+H28-H25 -> 2375

Sheet SOUR - Balance
A1: 4. BALANCE - PADD 3 Sour Supply vs Demand (Jan-May 2026)
A2: Links totals from the other tabs. Surplus (+) = length / weak diffs; deficit (-) = tightness / firm diffs.
A4: Item / kbd | B4: Jan-26 | C4: Feb-26 | D4: Mar-26 | E4: Apr-26 | F4: May-26
A5: memo: GoM sour production | B5: ='SOUR - Supply'!D16 -> 1355 | C5: ='SOUR - Supply'!E16 -> 1301 | D5: ='SOUR - Supply'!F16 -> 1300 | E5: ='SOUR - Supply'!G16 -> 1300 | F5: ='SOUR - Supply'!H16 -> 1300
A6: memo: sour imports (+) | B6: ='SOUR - Supply'!D20 -> 584.1 | C6: ='SOUR - Supply'!E20 -> 549.6 | D6: ='SOUR - Supply'!F20 -> 670.5 | E6: ='SOUR - Supply'!G20 -> 417.7 | F6: ='SOUR - Supply'!H20 -> 400.6
A7: memo: sour from pipeline (+) | B7: ='SOUR - Supply'!D24 -> 843.2 | C7: ='SOUR - Supply'!E24 -> 965.6 | D7: ='SOUR - Supply'!F24 -> 920.8 | E7: ='SOUR - Supply'!G24 -> 880 | F7: ='SOUR - Supply'!H24 -> 880
A8: memo: SPR sour release(+)/refill(-) | B8: ='SOUR - Supply'!D28 -> -33.84 | C8: ='SOUR - Supply'!E28 -> -4.92 | D8: ='SOUR - Supply'!F28 -> 11.94 | E8: ='SOUR - Supply'!G28 -> 432 | F8: ='SOUR - Supply'!H28 -> 746.4
A9: memo: sour exports (-) | B9: ='SOUR - Supply'!D25 -> 166.1 | C9: ='SOUR - Supply'!E25 -> 253.2 | D9: ='SOUR - Supply'!F25 -> 191.9 | E9: ='SOUR - Supply'!G25 -> 662.8 | F9: ='SOUR - Supply'!H25 -> 952
A10: Net SOUR supply (after exports) | B10: ='SOUR - Supply'!D30 -> 2582.36 | C10: ='SOUR - Supply'!E30 -> 2558.08 | D10: ='SOUR - Supply'!F30 -> 2711.34 | E10: ='SOUR - Supply'!G30 -> 2366.9 | F10: ='SOUR - Supply'!H30 -> 2375
A11: Total SOUR demand (mid of range) | B11: ='DATA - Refiner Demand'!B41 -> 3538.8989 | C11: ='DATA - Refiner Demand'!C41 -> 3475.2538 | D11: ='DATA - Refiner Demand'!D41 -> 3602.544 | E11: ='DATA - Refiner Demand'!E41 -> 3637.2595 | F11: ='DATA - Refiner Demand'!F41 -> 3697.2106
A12: of which HEAVY demand (mid) | B12: ='DATA - Refiner Demand'!B42 -> 1837.628 | C12: ='DATA - Refiner Demand'!C42 -> 1832.4657 | D12: ='DATA - Refiner Demand'!D42 -> 1842.7903 | E12: ='DATA - Refiner Demand'!E42 -> 1845.6061 | F12: ='DATA - Refiner Demand'!F42 -> 1850.5338
A13: BALANCE = Supply - Demand (bottom-up) | B13: =B10-B11 -> -956.5389 | C13: =C10-C11 -> -917.17384 | D13: =D10-D11 -> -891.20397 | E13: =E10-E11 -> -1270.3595 | F13: =F10-F11 -> -1322.2106
A15: Pipeline spare capacity | B15: ='DATA - Pipelines'!E12 -> 1140 | C15: ='DATA - Pipelines'!F12 -> 1150 | D15: ='DATA - Pipelines'!G12 -> 1128 | E15: ='DATA - Pipelines'!H12 -> 1075 | F15: ='DATA - Pipelines'!I12 -> 1032
A17: READ
A18: Each column is one month. Supply and demand are linked live from the other tabs.
A19: Negative balance = region short sour (must import); deeper negative = tighter market = firmer Mars/SGC diffs.
A20: Two demand estimates (bottom-up vs top-down) should track each other; large gaps flag inputs to revisit.
A21: Supply now nets real sour imports (+) and sour exports (-) from the Imports/Exports tabs; edit the Sour?/Heavy? flags there to reclassify a grade.
A22: Residual deficit largely reflects sour that arrives by PIPELINE (e.g. Canadian heavy), which is not in the waterborne import file.
A23: Apr-May refinery drivers are estimates until EIA publishes.

Sheet HEAVY - Refiners
A1: HEAVY CRUDE REFINERS - Monthly Heavy Runs (Jan-May 2026)
A2: Tracked refineries. Coking capacity = EIA Refinery Capacity Report 2025. Heavy runs link from the COKER-ANCHORED demand on the Refiner Demand tab (single source).
A4: Refinery | B4: Operator | C4: ST | D4: CDU cap | E4: Coker (delayed) | F4: Coker/CDU | G4: Jan | H4: Feb | I4: Mar | J4: Apr | K4: May | L4: Source | M4: Chart label
A5: Sweeny | B5: Phillips 66 | C5: TX | D5: ='DATA - Refiner Demand'!D14 -> 265 | E5: ='DATA - Refiner Demand'!E14 -> 79 | F5: =E5/D5 -> 0.29811321 | G5: ='DATA - Refiner Demand'!L14 -> 197.5 | H5: ='DATA - Refiner Demand'!M14 -> 197.5 | I5: ='DATA - Refiner Demand'!N14 -> 197.5 | J5: ='DATA - Refiner Demand'!O14 -> 197.5 | K5: ='DATA - Refiner Demand'!P14 -> 197.5 | L5: links Refiner Demand | M5: =A5&" ("&B5&")" -> Sweeny (Phillips 66)
A6: Galveston Bay | B6: Marathon (MAP) | C6: TX | D6: ='DATA - Refiner Demand'!D15 -> 631 | E6: ='DATA - Refiner Demand'!E15 -> 33 | F6: =E6/D6 -> 0.05229794 | G6: ='DATA - Refiner Demand'!L15 -> 82.5 | H6: ='DATA - Refiner Demand'!M15 -> 82.5 | I6: ='DATA - Refiner Demand'!N15 -> 82.5 | J6: ='DATA - Refiner Demand'!O15 -> 82.5 | K6: ='DATA - Refiner Demand'!P15 -> 82.5 | L6: links Refiner Demand | M6: =A6&" ("&B6&")" -> Galveston Bay (Marathon (MAP))
A7: Deer Park | B7: Pemex | C7: TX | D7: ='DATA - Refiner Demand'!D16 -> 313 | E7: ='DATA - Refiner Demand'!E16 -> 96 | F7: =E7/D7 -> 0.30670927 | G7: ='DATA - Refiner Demand'!L16 -> 240 | H7: ='DATA - Refiner Demand'!M16 -> 240 | I7: ='DATA - Refiner Demand'!N16 -> 240 | J7: ='DATA - Refiner Demand'!O16 -> 240 | K7: ='DATA - Refiner Demand'!P16 -> 240 | L7: links Refiner Demand | M7: =A7&" ("&B7&")" -> Deer Park (Pemex)
A8: Baytown | B8: ExxonMobil | C8: TX | D8: ='DATA - Refiner Demand'!D17 -> 564 | E8: ='DATA - Refiner Demand'!E17 -> 54 | F8: =E8/D8 -> 0.095744681 | G8: ='DATA - Refiner Demand'!L17 -> 135 | H8: ='DATA - Refiner Demand'!M17 -> 135 | I8: ='DATA - Refiner Demand'!N17 -> 135 | J8: ='DATA - Refiner Demand'!O17 -> 135 | K8: ='DATA - Refiner Demand'!P17 -> 135 | L8: links Refiner Demand | M8: =A8&" ("&B8&")" -> Baytown (ExxonMobil)
A9: Texas City | B9: Valero | C9: TX | D9: ='DATA - Refiner Demand'!D18 -> 225 | E9: ='DATA - Refiner Demand'!E18 -> 54 | F9: =E9/D9 -> 0.24 | G9: ='DATA - Refiner Demand'!L18 -> 135 | H9: ='DATA - Refiner Demand'!M18 -> 135 | I9: ='DATA - Refiner Demand'!N18 -> 135 | J9: ='DATA - Refiner Demand'!O18 -> 135 | K9: ='DATA - Refiner Demand'!P18 -> 135 | L9: links Refiner Demand | M9: =A9&" ("&B9&")" -> Texas City (Valero)
A10: Port Arthur | B10: Motiva | C10: TX | D10: ='DATA - Refiner Demand'!D19 -> 641 | E10: ='DATA - Refiner Demand'!E19 -> 178 | F10: =E10/D10 -> 0.27769111 | G10: ='DATA - Refiner Demand'!L19 -> 445 | H10: ='DATA - Refiner Demand'!M19 -> 445 | I10: ='DATA - Refiner Demand'!N19 -> 445 | J10: ='DATA - Refiner Demand'!O19 -> 445 | K10: ='DATA - Refiner Demand'!P19 -> 445 | L10: links Refiner Demand | M10: =A10&" ("&B10&")" -> Port Arthur (Motiva)
A11: Port Arthur | B11: Valero | C11: TX | D11: ='DATA - Refiner Demand'!D20 -> 380 | E11: ='DATA - Refiner Demand'!E20 -> 158 | F11: =E11/D11 -> 0.41578947 | G11: ='DATA - Refiner Demand'!L20 -> 332.12 | H11: ='DATA - Refiner Demand'!M20 -> 324.178 | I11: ='DATA - Refiner Demand'!N20 -> 340.062 | J11: ='DATA - Refiner Demand'!O20 -> 344.394 | K11: ='DATA - Refiner Demand'!P20 -> 351.975 | L11: links Refiner Demand | M11: =A11&" ("&B11&")" -> Port Arthur (Valero)
A12: Lake Charles | B12: Citgo | C12: LA | D12: ='DATA - Refiner Demand'!D21 -> 460 | E12: ='DATA - Refiner Demand'!E21 -> 110 | F12: =E12/D12 -> 0.23913043 | G12: ='DATA - Refiner Demand'!L21 -> 275 | H12: ='DATA - Refiner Demand'!M21 -> 275 | I12: ='DATA - Refiner Demand'!N21 -> 275 | J12: ='DATA - Refiner Demand'!O21 -> 275 | K12: ='DATA - Refiner Demand'!P21 -> 275 | L12: links Refiner Demand | M12: =A12&" ("&B12&")" -> Lake Charles (Citgo)
A13: Lake Charles (Westlake) | B13: Phillips 66 | C13: LA | D13: ='DATA - Refiner Demand'!D22 -> 264 | E13: ='DATA - Refiner Demand'!E22 -> 67 | F13: =E13/D13 -> 0.25378788 | G13: ='DATA - Refiner Demand'!L22 -> 167.5 | H13: ='DATA - Refiner Demand'!M22 -> 167.5 | I13: ='DATA - Refiner Demand'!N22 -> 167.5 | J13: ='DATA - Refiner Demand'!O22 -> 167.5 | K13: ='DATA - Refiner Demand'!P22 -> 167.5 | L13: links Refiner Demand | M13: =A13&" ("&B13&")" -> Lake Charles (Westlake) (Phillips 66)
A14: Beaumont | B14: ExxonMobil | C14: TX | D14: ='DATA - Refiner Demand'!D23 -> 612 | E14: ='DATA - Refiner Demand'!E23 -> 47 | F14: =E14/D14 -> 0.076797386 | G14: ='DATA - Refiner Demand'!L23 -> 117.5 | H14: ='DATA - Refiner Demand'!M23 -> 117.5 | I14: ='DATA - Refiner Demand'!N23 -> 117.5 | J14: ='DATA - Refiner Demand'!O23 -> 117.5 | K14: ='DATA - Refiner Demand'!P23 -> 117.5 | L14: links Refiner Demand | M14: =A14&" ("&B14&")" -> Beaumont (ExxonMobil)
A15: Port Arthur | B15: TotalEnergies | C15: TX | D15: ='DATA - Refiner Demand'!D24 -> 238 | E15: ='DATA - Refiner Demand'!E24 -> 60 | F15: =E15/D15 -> 0.25210084 | G15: ='DATA - Refiner Demand'!L24 -> 150 | H15: ='DATA - Refiner Demand'!M24 -> 150 | I15: ='DATA - Refiner Demand'!N24 -> 150 | J15: ='DATA - Refiner Demand'!O24 -> 150 | K15: ='DATA - Refiner Demand'!P24 -> 150 | L15: links Refiner Demand | M15: =A15&" ("&B15&")" -> Port Arthur (TotalEnergies)
A16: Corpus Christi (E+W) | B16: Valero | C16: TX | D16: ='DATA - Refiner Demand'!D25 -> 290 | E16: ='DATA - Refiner Demand'!E25 -> 45 | F16: =E16/D16 -> 0.15517241 | G16: ='DATA - Refiner Demand'!L25 -> 112.5 | H16: ='DATA - Refiner Demand'!M25 -> 112.5 | I16: ='DATA - Refiner Demand'!N25 -> 112.5 | J16: ='DATA - Refiner Demand'!O25 -> 112.5 | K16: ='DATA - Refiner Demand'!P25 -> 112.5 | L16: links Refiner Demand | M16: =A16&" ("&B16&")" -> Corpus Christi (E+W) (Valero)
... A21: Meraux | B21: Valero | C21: LA | D21: ='DATA - Refiner Demand'!D30 -> 125 | E21: ='DATA - Refiner Demand'!E30 -> 0 | F21: =E21/D21 -> 0 | G21: ='DATA - Refiner Demand'!L30 -> 0 | H21: ='DATA - Refiner Demand'!M30 -> 0 | I21: ='DATA - Refiner Demand'!N30 -> 0 | J21: ='DATA - Refiner Demand'!O30 -> 0 | K21: ='DATA - Refiner Demand'!P30 -> 0 | L21: links Refiner Demand | M21: =A21&" ("&B21&")" -> Meraux (Valero)
A22: TOTAL heavy runs (kbd) | D22: =SUM(D5:D21) -> 6142 | E22: =SUM(E5:E21) -> 1156 | F22: =E22/D22 -> 0.18821231 | G22: =SUM(G5:G21) -> 2827.12 | H22: =SUM(H5:H21) -> 2819.178 | I22: =SUM(I5:I21) -> 2835.062 | J22: =SUM(J5:J21) -> 2839.394 | K22: =SUM(K5:K21) -> 2846.975

Sheet HEAVY - Balance
A1: 5. HEAVY BALANCE - PADD 3 Heavy Crude Supply vs Demand (Jan-May 2026)
A2: Heavy = API < 24 (Maya, Boscan, Venezuelan/Canadian heavy). GoM grades are medium sour (API 27-35) so domestic heavy ~ 0 - heavy supply is mostly imports.
A4: Item / kbd | B4: Jan-26 | C4: Feb-26 | D4: Mar-26 | E4: Apr-26 | F4: May-26
A5: GoM heavy production (API<24) | B5: =SUMPRODUCT(('SOUR - Supply'!$B$6:$B$12<24)*('SOUR - Supply'!D6:D12)) -> 0 | C5: =SUMPRODUCT(('SOUR - Supply'!$B$6:$B$12<24)*('SOUR - Supply'!E6:E12)) -> 0 | D5: =SUMPRODUCT(('SOUR - Supply'!$B$6:$B$12<24)*('SOUR - Supply'!F6:F12)) -> 0 | E5: =SUMPRODUCT(('SOUR - Supply'!$B$6:$B$12<24)*('SOUR - Supply'!G6:G12)) -> 0 | F5: =SUMPRODUCT(('SOUR - Supply'!$B$6:$B$12<24)*('SOUR - Supply'!H6:H12)) -> 0
A6: Plus: HEAVY imports (+) | B6: ='DATA - Imports & Exports'!D35 -> 238.1 | C6: ='DATA - Imports & Exports'!E35 -> 208 | D6: ='DATA - Imports & Exports'!F35 -> 338.6 | E6: ='DATA - Imports & Exports'!G35 -> 226.9 | F6: ='DATA - Imports & Exports'!H35 -> 264.9
A7: Net pipeline receipts from PADD 2 (total) | B7: ='SOUR - Supply'!D22 -> 1054 | C7: ='SOUR - Supply'!E22 -> 1207 | D7: ='SOUR - Supply'!F22 -> 1151 | E7: ='SOUR - Supply'!G22 -> 1100 | F7: ='SOUR - Supply'!H22 -> 1100
A8: heavy share of pipeline receipts | B8: 0.7 | C8: <- heavy = API < 30 (Canadian WCS + medium; editable)
A9: Plus: HEAVY from pipeline receipts (+) | B9: =B7*$B$8 -> 737.8 | C9: =C7*$B$8 -> 844.9 | D9: =D7*$B$8 -> 805.7 | E9: =E7*$B$8 -> 770 | F9: =F7*$B$8 -> 770
A10: Less: HEAVY exports (-) | B10: ='DATA - Imports & Exports'!D66 -> 76.9 | C10: ='DATA - Imports & Exports'!E66 -> 116.5 | D10: ='DATA - Imports & Exports'!F66 -> 64.5 | E10: ='DATA - Imports & Exports'!G66 -> 21.2 | F10: ='DATA - Imports & Exports'!H66 -> 81.3
A11: NET HEAVY supply | B11: =B5+B6+B9-B10 -> 899 | C11: =C5+C6+C9-C10 -> 936.4 | D11: =D5+D6+D9-D10 -> 1079.8 | E11: =E5+E6+E9-E10 -> 975.7 | F11: =F5+F6+F9-F10 -> 953.6
A12: Total HEAVY demand (mid of range) | B12: ='DATA - Refiner Demand'!B42 -> 1837.628 | C12: ='DATA - Refiner Demand'!C42 -> 1832.4657 | D12: ='DATA - Refiner Demand'!D42 -> 1842.7903 | E12: ='DATA - Refiner Demand'!E42 -> 1845.6061 | F12: ='DATA - Refiner Demand'!F42 -> 1850.5338
A13: memo: coker-max heavy (HIGH end) | B13: ='DATA - Refiner Demand'!B37 -> 2827.12 | C13: ='DATA - Refiner Demand'!C37 -> 2819.178 | D13: ='DATA - Refiner Demand'!D37 -> 2835.062 | E13: ='DATA - Refiner Demand'!E37 -> 2839.394 | F13: ='DATA - Refiner Demand'!F37 -> 2846.975
A14: HEAVY BALANCE = Net supply - demand | B14: =B11-B12 -> -938.628 | C14: =C11-C12 -> -896.0657 | D14: =D11-D12 -> -762.9903 | E14: =E11-E12 -> -869.9061 | F14: =F11-F12 -> -896.93375
A16: READ
A17: Heavy supply to PADD 3 is almost entirely IMPORTS - GoM grades are medium sour (API 27-35), so domestic heavy is ~0.
A18: Heavy demand = refinery heavy runs (CDU x utilization x heavy share); the 10-refiner subset is shown as a memo line.
A19: Large deficit is expected: most heavy reaches PADD 3 by PIPELINE (Canadian WCS, etc.), which is NOT in the waterborne import file.
A20: Edit the Heavy? flags on the Imports / Exports tabs to change what counts as heavy.
A22: Heavy supply by source (waterborne imports, kbd)
A23: Source (country) | B23: Jan-26 | C23: Feb-26 | D23: Mar-26 | E23: Apr-26 | F23: May-26
A24: Maya (Mexico) | B24: ='DATA - Imports & Exports'!D7 -> 124.4 | C24: ='DATA - Imports & Exports'!E7 -> 99.1 | D24: ='DATA - Imports & Exports'!F7 -> 128.7 | E24: ='DATA - Imports & Exports'!G7 -> 104.2 | F24: ='DATA - Imports & Exports'!H7 -> 73.1
A25: Merey (Venezuela) | B25: ='DATA - Imports & Exports'!D8 -> 35.7 | C25: ='DATA - Imports & Exports'!E8 -> 18.9 | D25: ='DATA - Imports & Exports'!F8 -> 77.1 | E25: ='DATA - Imports & Exports'!G8 -> 85.1 | F25: ='DATA - Imports & Exports'!H8 -> 80.8
A26: Boscan (Venezuela) | B26: ='DATA - Imports & Exports'!D11 -> 24.2 | C26: ='DATA - Imports & Exports'!E11 -> 37.4 | D26: ='DATA - Imports & Exports'!F11 -> 27.5 | E26: ='DATA - Imports & Exports'!G11 -> 11.1 | F26: ='DATA - Imports & Exports'!H11 -> 47.4
A27: Castilla (Colombia) | B27: ='DATA - Imports & Exports'!D14 -> 16.8 | C27: ='DATA - Imports & Exports'!E14 -> 17.4 | D27: ='DATA - Imports & Exports'!F14 -> 15.9 | E27: ='DATA - Imports & Exports'!G14 -> 3.3 | F27: ='DATA - Imports & Exports'!H14 -> 41.9
A28: Mares (Venezuela) | B28: ='DATA - Imports & Exports'!D17 -> 0 | C28: ='DATA - Imports & Exports'!E17 -> 9.9 | D28: ='DATA - Imports & Exports'!F17 -> 23.1 | E28: ='DATA - Imports & Exports'!G17 -> 19.9 | F28: ='DATA - Imports & Exports'!H17 -> 0
A29: Acordionero (Colombia) | B29: ='DATA - Imports & Exports'!D18 -> 16.1 | C29: ='DATA - Imports & Exports'!E18 -> 0 | D29: ='DATA - Imports & Exports'!F18 -> 17.2 | E29: ='DATA - Imports & Exports'!G18 -> 0 | F29: ='DATA - Imports & Exports'!H18 -> 17
A30: Other heavy imports | B30: ='DATA - Imports & Exports'!D35-SUM(B24:B29) -> 20.9 | C30: ='DATA - Imports & Exports'!E35-SUM(C24:C29) -> 25.3 | D30: ='DATA - Imports & Exports'!F35-SUM(D24:D29) -> 49.1 | E30: ='DATA - Imports & Exports'!G35-SUM(E24:E29) -> 3.3 | F30: ='DATA - Imports & Exports'!H35-SUM(F24:F29) -> 4.7
A31: TOTAL heavy imports | B31: ='DATA - Imports & Exports'!D35 -> 238.1 | C31: ='DATA - Imports & Exports'!E35 -> 208 | D31: ='DATA - Imports & Exports'!F35 -> 338.6 | E31: ='DATA - Imports & Exports'!G35 -> 226.9 | F31: ='DATA - Imports & Exports'!H35 -> 264.9

Sheet Seasonal Normal (10-yr)
A1: SEASONAL NORMAL - 10-Year Monthly Average (2016-2025)
A2: What to expect by calendar month. Volumes = EIA 10-yr avg (kbd). Sour/heavy = volume x composition assumptions (editable).
A4: Composition assumptions (editable) - fraction of each stream
A5: Stream | B5: Sour % | C5: Heavy %
A6: GoM production | B6: 0.66 | C6: 0
A7: Waterborne imports | B7: 0.93 | C7: 0.45
A8: Pipeline receipts (PADD2) | B8: 0.8 | C8: 0.7
A10: 10-year seasonal normal (2016-2025) - kbd
A11: Month | B11: GoM prod | C11: Imports | D11: Pipeline | E11: Total supply | F11: Exp SOUR supply | G11: Exp HEAVY supply | H11: Exp SOUR imports | I11: Exp HEAVY imports
A12: Jan | B12: 1784 | C12: 1868 | D12: 1025 | E12: =B12+C12+D12 -> 4677 | F12: =B12*$B$6+C12*$B$7+D12*$B$8 -> 3734.68 | G12: =B12*$C$6+C12*$C$7+D12*$C$8 -> 1558.1 | H12: =C12*$B$7 -> 1737.24 | I12: =C12*$C$7 -> 840.6
A13: Feb | B13: 1758 | C13: 1782 | D13: 966 | E13: =B13+C13+D13 -> 4506 | F13: =B13*$B$6+C13*$B$7+D13*$B$8 -> 3590.34 | G13: =B13*$C$6+C13*$C$7+D13*$C$8 -> 1478.1 | H13: =C13*$B$7 -> 1657.26 | I13: =C13*$C$7 -> 801.9
A14: Mar | B14: 1802 | C14: 1856 | D14: 1004 | E14: =B14+C14+D14 -> 4662 | F14: =B14*$B$6+C14*$B$7+D14*$B$8 -> 3718.6 | G14: =B14*$C$6+C14*$C$7+D14*$C$8 -> 1538 | H14: =C14*$B$7 -> 1726.08 | I14: =C14*$C$7 -> 835.2
A15: Apr | B15: 1767 | C15: 1868 | D15: 921 | E15: =B15+C15+D15 -> 4556 | F15: =B15*$B$6+C15*$B$7+D15*$B$8 -> 3640.26 | G15: =B15*$C$6+C15*$C$7+D15*$C$8 -> 1485.3 | H15: =C15*$B$7 -> 1737.24 | I15: =C15*$C$7 -> 840.6
A16: May | B16: 1712 | C16: 2005 | D16: 921 | E16: =B16+C16+D16 -> 4638 | F16: =B16*$B$6+C16*$B$7+D16*$B$8 -> 3731.37 | G16: =B16*$C$6+C16*$C$7+D16*$C$8 -> 1546.95 | H16: =C16*$B$7 -> 1864.65 | I16: =C16*$C$7 -> 902.25
A17: Jun | B17: 1742 | C17: 1953 | D17: 868 | E17: =B17+C17+D17 -> 4563 | F17: =B17*$B$6+C17*$B$7+D17*$B$8 -> 3660.41 | G17: =B17*$C$6+C17*$C$7+D17*$C$8 -> 1486.45 | H17: =C17*$B$7 -> 1816.29 | I17: =C17*$C$7 -> 878.85
A18: Jul | B18: 1762 | C18: 1970 | D18: 843 | E18: =B18+C18+D18 -> 4575 | F18: =B18*$B$6+C18*$B$7+D18*$B$8 -> 3669.42 | G18: =B18*$C$6+C18*$C$7+D18*$C$8 -> 1476.6 | H18: =C18*$B$7 -> 1832.1 | I18: =C18*$C$7 -> 886.5
A19: Aug | B19: 1754 | C19: 1736 | D19: 806 | E19: =B19+C19+D19 -> 4296 | F19: =B19*$B$6+C19*$B$7+D19*$B$8 -> 3416.92 | G19: =B19*$C$6+C19*$C$7+D19*$C$8 -> 1345.4 | H19: =C19*$B$7 -> 1614.48 | I19: =C19*$C$7 -> 781.2
A20: Sep | B20: 1691 | C20: 1720 | D20: 899 | E20: =B20+C20+D20 -> 4310 | F20: =B20*$B$6+C20*$B$7+D20*$B$8 -> 3434.86 | G20: =B20*$C$6+C20*$C$7+D20*$C$8 -> 1403.3 | H20: =C20*$B$7 -> 1599.6 | I20: =C20*$C$7 -> 774
A21: Oct | B21: 1707 | C21: 1593 | D21: 1033 | E21: =B21+C21+D21 -> 4333 | F21: =B21*$B$6+C21*$B$7+D21*$B$8 -> 3434.51 | G21: =B21*$C$6+C21*$C$7+D21*$C$8 -> 1439.95 | H21: =C21*$B$7 -> 1481.49 | I21: =C21*$C$7 -> 716.85
A22: Nov | B22: 1809 | C22: 1628 | D22: 1033 | E22: =B22+C22+D22 -> 4470 | F22: =B22*$B$6+C22*$B$7+D22*$B$8 -> 3534.38 | G22: =B22*$C$6+C22*$C$7+D22*$C$8 -> 1455.7 | H22: =C22*$B$7 -> 1514.04 | I22: =C22*$C$7 -> 732.6
A23: Dec | B23: 1820 | C23: 1618 | D23: 1051 | E23: =B23+C23+D23 -> 4489 | F23: =B23*$B$6+C23*$B$7+D23*$B$8 -> 3546.74 | G23: =B23*$C$6+C23*$C$7+D23*$C$8 -> 1463.8 | H23: =C23*$B$7 -> 1504.74 | I23: =C23*$C$7 -> 728.1
A24: Avg | B24: =AVERAGE(B12:B23) -> 1759 | C24: =AVERAGE(C12:C23) -> 1799.75 | D24: =AVERAGE(D12:D23) -> 947.5 | E24: =AVERAGE(E12:E23) -> 4506.25 | F24: =AVERAGE(F12:F23) -> 3592.7075 | G24: =AVERAGE(G12:G23) -> 1473.1375 | H24: =AVERAGE(H12:H23) -> 1673.7675 | I24: =AVERAGE(I12:I23) -> 809.8875
A62: Method: EIA monthly history (GoM prod MCRFP3FM2, imports MCRIMP32, pipeline receipts MCRNRP32) averaged by calendar month 2016-2025; sour/heavy via the editable assumptions above.
